,date,eclipse_type,magnitude,region,day,month,year,duration_min,duration_sec,duration_total
0,05-18-1901,Total,1.068,australia,18,5,1901,6,29,389
1,11-11-1901,Annular,0.922,asia,11,11,1901,11,1,661
3,05-07-1902,Partial,0.859,australia,7,5,1902,4,30,270
6,09-21-1903,Total,1.032,antarctica,21,9,1903,2,12,132
9,03-06-1905,Annular,0.927,australia,6,3,1905,7,58,478
9,03-06-1905,Annular,0.927,antarctica,6,3,1905,7,58,478
10,08-30-1905,Total,1.048,europe,30,8,1905,3,46,226
11,02-23-1906,Partial,0.539,antarctica,23,2,1906,4,30,270
11,02-23-1906,Partial,0.539,australia,23,2,1906,4,30,270
15,07-10-1907,Annular,0.946,south america,10,7,1907,7,23,443
15,07-10-1907,Annular,0.946,antarctica,10,7,1907,7,23,443
18,12-23-1908,Hybrid,1.002,south america,23,12,1908,4,12,252
18,12-23-1908,Hybrid,1.002,antarctica,23,12,1908,4,12,252
19,06-17-1909,Hybrid,1.006,asia,17,6,1909,4,24,264
20,12-12-1909,Partial,0.542,antarctica,12,12,1909,4,30,270
20,12-12-1909,Partial,0.542,australia,12,12,1909,4,30,270
21,05-09-1910,Total,1.06,antarctica,9,5,1910,4,15,255
21,05-09-1910,Total,1.06,australia,9,5,1910,4,15,255
24,10-22-1911,Annular,0.965,asia,22,10,1911,3,47,227
24,10-22-1911,Annular,0.965,australia,22,10,1911,3,47,227
25,04-17-1912,Hybrid,1.0,europe,17,4,1912,4,2,242
25,04-17-1912,Hybrid,1.0,asia,17,4,1912,4,2,242
26,10-10-1912,Total,1.023,south america,10,10,1912,1,55,115
26,10-10-1912,Total,1.023,antarctica,10,10,1912,1,55,115
29,09-30-1913,Partial,0.825,antarctica,30,9,1913,4,30,270
30,02-25-1914,Annular,0.925,antarctica,25,2,1914,5,35,335
30,02-25-1914,Annular,0.925,australia,25,2,1914,5,35,335
31,08-21-1914,Total,1.033,europe,21,8,1914,2,14,134
32,02-14-1915,Annular,0.979,australia,14,2,1915,2,4,124
32,02-14-1915,Annular,0.979,antarctica,14,2,1915,2,4,124
34,02-03-1916,Total,1.028,north america,3,2,1916,2,36,156
35,07-30-1916,Annular,0.945,australia,30,7,1916,6,24,384
35,07-30-1916,Annular,0.945,antarctica,30,7,1916,6,24,384
36,12-24-1916,Partial,0.011,antarctica,24,12,1916,4,30,270
37,01-23-1917,Partial,0.725,asia,23,1,1917,4,30,270
39,07-19-1917,Partial,0.086,antarctica,19,7,1917,4,30,270
40,12-14-1917,Annular,0.979,antarctica,14,12,1917,1,17,77
41,06-08-1918,Total,1.029,asia,8,6,1918,2,23,143
41,06-08-1918,Total,1.029,north america,8,6,1918,2,23,143
42,12-03-1918,Annular,0.938,south america,3,12,1918,7,6,426
42,12-03-1918,Annular,0.938,antarctica,3,12,1918,7,6,426
43,05-29-1919,Total,1.072,south america,29,5,1919,6,51,411
43,05-29-1919,Total,1.072,africa,29,5,1919,6,51,411
45,05-18-1920,Partial,0.973,australia,18,5,1920,4,30,270
45,05-18-1920,Partial,0.973,antarctica,18,5,1920,4,30,270
47,04-08-1921,Annular,0.975,asia,8,4,1921,1,50,110
48,10-01-1921,Total,1.029,antarctica,1,10,1921,1,52,112
49,03-28-1922,Annular,0.938,europe,28,3,1922,7,50,470
50,09-21-1922,Total,1.068,australia,21,9,1922,5,59,359
51,03-17-1923,Annular,0.931,antarctica,17,3,1923,7,51,471
52,09-10-1923,Total,1.043,north america,10,9,1923,3,37,217
53,03-05-1924,Partial,0.582,antarctica,5,3,1924,4,30,270
57,07-20-1925,Annular,0.944,australia,20,7,1925,7,15,435
57,07-20-1925,Annular,0.944,australia,20,7,1925,7,15,435
60,01-03-1927,Annular,0.999,antarctica,3,1,1927,4,3,243
61,06-29-1927,Total,1.013,europe,29,6,1927,4,50,290
62,12-24-1927,Partial,0.549,antarctica,24,12,1927,4,30,270
64,11-12-1928,Partial,0.808,asia,12,11,1928,4,30,270
65,05-09-1929,Total,1.056,asia,9,5,1929,5,7,307
65,05-09-1929,Total,1.056,australia,9,5,1929,5,7,307
66,11-01-1929,Annular,0.965,africa,1,11,1929,3,54,234
66,11-01-1929,Annular,0.965,europe,1,11,1929,3,54,234
66,11-01-1929,Annular,0.965,asia,1,11,1929,3,54,234
67,04-28-1930,Hybrid,1.0,north america,28,4,1930,4,1,241
67,04-28-1930,Hybrid,1.0,asia,28,4,1930,4,1,241
68,10-21-1930,Total,1.023,australia,21,10,1930,1,55,115
68,10-21-1930,Total,1.023,australia,21,10,1930,1,55,115
70,09-12-1931,Partial,0.047,north america,12,9,1931,4,30,270
71,10-11-1931,Partial,0.901,antarctica,11,10,1931,4,30,270
72,03-07-1932,Annular,0.928,antarctica,7,3,1932,5,19,319
72,03-07-1932,Annular,0.928,australia,7,3,1932,5,19,319
73,08-31-1932,Total,1.026,north america,31,8,1932,1,45,105
74,02-24-1933,Annular,0.984,africa,24,2,1933,1,32,92
74,02-24-1933,Annular,0.984,antarctica,24,2,1933,1,32,92
75,08-21-1933,Annular,0.98,australia,21,8,1933,2,4,124
76,02-14-1934,Total,1.032,australia,14,2,1934,2,53,173
76,02-14-1934,Total,1.032,north america,14,2,1934,2,53,173
77,08-10-1934,Annular,0.944,antarctica,10,8,1934,6,33,393
79,02-03-1935,Partial,0.739,north america,3,2,1935,4,30,270
81,07-30-1935,Partial,0.231,antarctica,30,7,1935,4,30,270
82,12-25-1935,Annular,0.975,antarctica,25,12,1935,1,30,90
83,06-19-1936,Total,1.033,asia,19,6,1936,2,31,151
84,12-13-1936,Annular,0.935,australia,13,12,1936,7,25,445
84,12-13-1936,Annular,0.935,antarctica,13,12,1936,7,25,445
84,12-13-1936,Annular,0.935,australia,13,12,1936,7,25,445
88,11-21-1938,Partial,0.778,asia,21,11,1938,4,30,270
89,04-19-1939,Annular,0.973,north america,19,4,1939,1,49,109
90,10-12-1939,Total,1.027,antarctica,12,10,1939,1,32,92
90,10-12-1939,Total,1.027,australia,12,10,1939,1,32,92
91,04-07-1940,Annular,0.939,north america,7,4,1940,7,30,450
92,10-01-1940,Total,1.064,south america,1,10,1940,5,35,335
93,03-27-1941,Annular,0.935,antarctica,27,3,1941,7,41,461
93,03-27-1941,Annular,0.935,south america,27,3,1941,7,41,461
94,09-21-1941,Total,1.038,asia,21,9,1941,3,22,202
94,09-21-1941,Total,1.038,australia,21,9,1941,3,22,202
94,09-21-1941,Total,1.038,asia,21,9,1941,3,22,202
95,03-16-1942,Partial,0.639,antarctica,16,3,1942,4,30,270
96,08-12-1942,Partial,0.056,antarctica,12,8,1942,4,30,270
99,08-01-1943,Annular,0.941,africa,1,8,1943,6,59,419
99,08-01-1943,Annular,0.941,antarctica,1,8,1943,6,59,419
99,08-01-1943,Annular,0.941,australia,1,8,1943,6,59,419
100,01-25-1944,Total,1.043,south america,25,1,1944,4,9,249
101,07-20-1944,Annular,0.97,australia,20,7,1944,3,42,222
102,01-14-1945,Annular,0.997,africa,14,1,1945,4,15,255
102,01-14-1945,Annular,0.997,antarctica,14,1,1945,4,15,255
102,01-14-1945,Annular,0.997,australia,14,1,1945,4,15,255
103,07-09-1945,Total,1.018,north america,9,7,1945,1,15,75
103,07-09-1945,Total,1.018,europe,9,7,1945,1,15,75
104,01-03-1946,Partial,0.553,antarctica,3,1,1946,4,30,270
107,11-23-1946,Partial,0.776,north america,23,11,1946,4,30,270
108,05-20-1947,Total,1.056,south america,20,5,1947,5,13,313
108,05-20-1947,Total,1.056,africa,20,5,1947,5,13,313
110,05-09-1948,Annular,1.0,asia,9,5,1948,4,30,270
112,04-28-1949,Partial,0.609,europe,28,4,1949,4,30,270
113,10-21-1949,Partial,0.964,antarctica,21,10,1949,4,30,270
113,10-21-1949,Partial,0.964,australia,21,10,1949,4,30,270
113,10-21-1949,Partial,0.964,australia,21,10,1949,4,30,270
114,09-12-1950,Total,1.018,asia,12,9,1950,1,14,74
115,03-07-1951,Annular,0.99,australia,7,3,1951,4,59,299
116,09-01-1951,Annular,0.975,africa,1,9,1951,2,36,156
117,02-25-1952,Total,1.037,europe,25,2,1952,3,9,189
117,02-25-1952,Total,1.037,africa,25,2,1952,3,9,189
117,02-25-1952,Total,1.037,asia,25,2,1952,3,9,189
118,08-20-1952,Annular,0.942,north america,20,8,1952,6,40,400
118,08-20-1952,Annular,0.942,south america,20,8,1952,6,40,400
119,02-14-1953,Partial,0.76,north america,14,2,1953,4,30,270
120,07-11-1953,Partial,0.201,north america,11,7,1953,4,30,270
121,08-09-1953,Partial,0.373,antarctica,9,8,1953,4,30,270
122,01-05-1954,Annular,0.972,australia,5,1,1954,1,42,102
122,01-05-1954,Annular,0.972,antarctica,5,1,1954,1,42,102
123,06-30-1954,Total,1.036,europe,30,6,1954,2,35,155
124,12-25-1954,Annular,0.932,asia,25,12,1954,7,39,459
124,12-25-1954,Annular,0.932,australia,25,12,1954,7,39,459
125,06-20-1955,Total,1.078,asia,20,6,1955,7,8,428
126,12-14-1955,Annular,0.918,asia,14,12,1955,12,9,729
126,12-14-1955,Annular,0.918,asia,14,12,1955,12,9,729
127,06-08-1956,Total,1.058,australia,8,6,1956,4,45,285
128,12-02-1956,Partial,0.805,europe,2,12,1956,4,30,270
129,04-19-1958,Annular,0.941,asia,19,4,1958,7,7,427
129,04-19-1958,Annular,0.941,asia,19,4,1958,7,7,427
130,10-12-1958,Total,1.061,australia,12,10,1958,5,11,311
130,10-12-1958,Total,1.061,australia,12,10,1958,5,11,311
131,04-08-1959,Annular,0.94,asia,8,4,1959,7,26,446
131,04-08-1959,Annular,0.94,australia,8,4,1959,7,26,446
131,04-08-1959,Annular,0.94,australia,8,4,1959,7,26,446
132,10-02-1959,Total,1.033,europe,2,10,1959,3,2,182
132,10-02-1959,Total,1.033,africa,2,10,1959,3,2,182
133,03-27-1960,Partial,0.706,antarctica,27,3,1960,4,30,270
133,03-27-1960,Partial,0.706,australia,27,3,1960,4,30,270
134,09-20-1960,Partial,0.614,asia,20,9,1960,4,30,270
134,09-20-1960,Partial,0.614,north america,20,9,1960,4,30,270
135,02-15-1961,Total,1.036,europe,15,2,1961,2,45,165
135,02-15-1961,Total,1.036,asia,15,2,1961,2,45,165
136,08-11-1961,Annular,0.938,antarctica,11,8,1961,6,35,395
137,02-05-1962,Total,1.043,asia,5,2,1962,4,8,248
137,02-05-1962,Total,1.043,australia,5,2,1962,4,8,248
138,07-31-1962,Annular,0.972,africa,31,7,1962,3,33,213
139,01-25-1963,Annular,0.995,antarctica,25,1,1963,4,25,265
140,07-20-1963,Total,1.022,asia,20,7,1963,1,40,100
140,07-20-1963,Total,1.022,north america,20,7,1963,1,40,100
140,07-20-1963,Total,1.022,north america,20,7,1963,1,40,100
141,01-14-1964,Partial,0.559,antarctica,14,1,1964,4,30,270
142,06-10-1964,Partial,0.754,australia,10,6,1964,4,30,270
142,06-10-1964,Partial,0.754,australia,10,6,1964,4,30,270
143,07-09-1964,Partial,0.322,asia,9,7,1964,4,30,270
144,12-04-1964,Partial,0.752,asia,4,12,1964,4,30,270
145,05-30-1965,Total,1.054,australia,30,5,1965,5,15,315
145,05-30-1965,Total,1.054,north america,30,5,1965,5,15,315
146,11-23-1965,Annular,0.966,asia,23,11,1965,4,2,242
146,11-23-1965,Annular,0.966,asia,23,11,1965,4,2,242
146,11-23-1965,Annular,0.966,australia,23,11,1965,4,2,242
147,05-20-1966,Annular,0.999,europe,20,5,1966,4,5,245
147,05-20-1966,Annular,0.999,asia,20,5,1966,4,5,245
148,11-12-1966,Total,1.023,north america,12,11,1966,1,57,117
148,11-12-1966,Total,1.023,south america,12,11,1966,1,57,117
149,05-09-1967,Partial,0.72,north america,9,5,1967,4,30,270
149,05-09-1967,Partial,0.72,asia,9,5,1967,4,30,270
150,03-28-1968,Partial,0.899,antarctica,28,3,1968,4,30,270
151,09-22-1968,Total,1.01,europe,22,9,1968,4,40,280
152,03-18-1969,Annular,0.995,asia,18,3,1969,4,26,266
152,03-18-1969,Annular,0.995,asia,18,3,1969,4,26,266
152,03-18-1969,Annular,0.995,australia,18,3,1969,4,26,266
154,03-07-1970,Total,1.041,north america,7,3,1970,3,28,208
154,03-07-1970,Total,1.041,north america,7,3,1970,3,28,208
155,08-31-1970,Annular,0.94,australia,31,8,1970,6,48,408
156,02-25-1971,Partial,0.787,europe,25,2,1971,4,30,270
157,07-22-1971,Partial,0.069,asia,22,7,1971,4,30,270
158,08-20-1971,Partial,0.508,australia,20,8,1971,4,30,270
159,01-16-1972,Annular,0.969,antarctica,16,1,1972,1,53,113
160,07-10-1972,Total,1.038,asia,10,7,1972,2,36,156
160,07-10-1972,Total,1.038,north america,10,7,1972,2,36,156
161,01-04-1973,Annular,0.93,south america,4,1,1973,7,49,469
161,01-04-1973,Annular,0.93,antarctica,4,1,1973,7,49,469
162,06-30-1973,Total,1.079,africa,30,6,1973,7,4,424
163,12-24-1973,Annular,0.917,south america,24,12,1973,12,2,722
164,06-20-1974,Total,1.059,africa,20,6,1974,5,9,309
164,06-20-1974,Total,1.059,asia,20,6,1974,5,9,309
164,06-20-1974,Total,1.059,australia,20,6,1974,5,9,309
165,12-13-1974,Partial,0.827,north america,13,12,1974,4,30,270
166,05-11-1975,Partial,0.864,europe,11,5,1975,4,30,270
167,11-03-1975,Partial,0.959,antarctica,3,11,1975,4,30,270
168,04-29-1976,Annular,0.942,europe,29,4,1976,6,41,401
168,04-29-1976,Annular,0.942,africa,29,4,1976,6,41,401
168,04-29-1976,Annular,0.942,asia,29,4,1976,6,41,401
169,10-23-1976,Total,1.057,australia,23,10,1976,4,46,286
169,10-23-1976,Total,1.057,australia,23,10,1976,4,46,286
170,04-18-1977,Annular,0.945,africa,18,4,1977,7,4,424
171,10-12-1977,Total,1.027,north america,12,10,1977,2,37,157
172,04-07-1978,Partial,0.788,antarctica,7,4,1978,4,30,270
175,08-22-1979,Annular,0.933,antarctica,22,8,1979,6,3,363
176,02-16-1980,Total,1.043,africa,16,2,1980,4,8,248
178,02-04-1981,Annular,0.994,australia,4,2,1981,4,33,273
178,02-04-1981,Annular,0.994,australia,4,2,1981,4,33,273
178,02-04-1981,Annular,0.994,antarctica,4,2,1981,4,33,273
179,07-31-1981,Total,1.026,asia,31,7,1981,2,2,122
179,07-31-1981,Total,1.026,north america,31,7,1981,2,2,122
180,01-25-1982,Partial,0.566,australia,25,1,1982,4,30,270
180,01-25-1982,Partial,0.566,antarctica,25,1,1982,4,30,270
182,07-20-1982,Partial,0.464,asia,20,7,1982,4,30,270
183,12-15-1982,Partial,0.735,europe,15,12,1982,4,30,270
184,06-11-1983,Total,1.052,asia,11,6,1983,5,11,311
184,06-11-1983,Total,1.052,asia,11,6,1983,5,11,311
184,06-11-1983,Total,1.052,australia,11,6,1983,5,11,311
185,12-04-1983,Annular,0.967,africa,4,12,1983,4,1,241
186,05-30-1984,Annular,0.998,europe,30,5,1984,4,11,251
187,11-22-1984,Total,1.024,asia,22,11,1984,2,30,150
187,11-22-1984,Total,1.024,australia,22,11,1984,2,30,150
187,11-22-1984,Total,1.024,australia,22,11,1984,2,30,150
187,11-22-1984,Total,1.024,antarctica,22,11,1984,2,30,150
188,05-19-1985,Partial,0.841,asia,19,5,1985,4,30,270
189,11-12-1985,Total,1.039,antarctica,12,11,1985,1,59,119
190,04-09-1986,Partial,0.824,asia,9,4,1986,4,30,270
190,04-09-1986,Partial,0.824,australia,9,4,1986,4,30,270
190,04-09-1986,Partial,0.824,antarctica,9,4,1986,4,30,270
192,03-29-1987,Hybrid,1.001,africa,29,3,1987,4,8,248
193,09-23-1987,Annular,0.963,asia,23,9,1987,3,49,229
193,09-23-1987,Annular,0.963,asia,23,9,1987,3,49,229
194,03-18-1988,Total,1.046,asia,18,3,1988,3,46,226
194,03-18-1988,Total,1.046,australia,18,3,1988,3,46,226
194,03-18-1988,Total,1.046,north america,18,3,1988,3,46,226
197,08-31-1989,Partial,0.634,antarctica,31,8,1989,4,30,270
198,01-26-1990,Annular,0.967,antarctica,26,1,1990,2,3,123
200,01-15-1991,Annular,0.929,australia,15,1,1991,7,53,473
200,01-15-1991,Annular,0.929,antarctica,15,1,1991,7,53,473
203,06-30-1992,Total,1.059,south america,30,6,1992,5,21,321
204,12-24-1992,Partial,0.842,asia,24,12,1992,4,30,270
204,12-24-1992,Partial,0.842,north america,24,12,1992,4,30,270
205,05-21-1993,Partial,0.735,asia,21,5,1993,4,30,270
206,11-13-1993,Partial,0.928,antarctica,13,11,1993,4,30,270
207,05-10-1994,Annular,0.943,north america,10,5,1994,6,13,373
207,05-10-1994,Annular,0.943,europe,10,5,1994,6,13,373
208,11-03-1994,Total,1.054,south america,3,11,1994,4,23,263
208,11-03-1994,Total,1.054,antarctica,3,11,1994,4,23,263
210,10-24-1995,Total,1.021,asia,24,10,1995,2,10,130
210,10-24-1995,Total,1.021,asia,24,10,1995,2,10,130
210,10-24-1995,Total,1.021,australia,24,10,1995,2,10,130
212,10-12-1996,Partial,0.757,europe,12,10,1996,4,30,270
213,03-09-1997,Total,1.042,asia,9,3,1997,2,50,170
213,03-09-1997,Total,1.042,north america,9,3,1997,2,50,170
214,09-02-1997,Partial,0.899,australia,2,9,1997,4,30,270
214,09-02-1997,Partial,0.899,antarctica,2,9,1997,4,30,270
216,08-22-1998,Annular,0.973,asia,22,8,1998,3,14,194
216,08-22-1998,Annular,0.973,australia,22,8,1998,3,14,194
217,02-16-1999,Annular,0.993,antarctica,16,2,1999,4,40,280
217,02-16-1999,Annular,0.993,australia,16,2,1999,4,40,280
218,08-11-1999,Total,1.029,europe,11,8,1999,2,23,143
218,08-11-1999,Total,1.029,asia,11,8,1999,2,23,143
219,02-05-2000,Partial,0.579,antarctica,5,2,2000,4,30,270
223,06-21-2001,Total,1.05,africa,21,6,2001,4,57,297
225,06-10-2002,Annular,0.996,australia,10,6,2002,4,23,263
226,12-04-2002,Total,1.024,antarctica,4,12,2002,2,4,124
226,12-04-2002,Total,1.024,australia,4,12,2002,2,4,124
227,05-31-2003,Annular,0.938,europe,31,5,2003,3,37,217
227,05-31-2003,Annular,0.938,asia,31,5,2003,3,37,217
228,11-23-2003,Total,1.038,australia,23,11,2003,1,57,117
228,11-23-2003,Total,1.038,antarctica,23,11,2003,1,57,117
229,04-19-2004,Partial,0.737,antarctica,19,4,2004,4,30,270
230,10-14-2004,Partial,0.928,asia,14,10,2004,4,30,270
230,10-14-2004,Partial,0.928,north america,14,10,2004,4,30,270
232,10-03-2005,Annular,0.958,europe,3,10,2005,4,32,272
232,10-03-2005,Annular,0.958,africa,3,10,2005,4,32,272
233,03-29-2006,Total,1.052,africa,29,3,2006,4,7,247
233,03-29-2006,Total,1.052,europe,29,3,2006,4,7,247
234,09-22-2006,Annular,0.935,south america,22,9,2006,7,9,429
234,09-22-2006,Annular,0.935,antarctica,22,9,2006,7,9,429
235,03-19-2007,Partial,0.876,asia,19,3,2007,4,30,270
235,03-19-2007,Partial,0.876,north america,19,3,2007,4,30,270
236,09-11-2007,Partial,0.751,south america,11,9,2007,4,30,270
236,09-11-2007,Partial,0.751,antarctica,11,9,2007,4,30,270
237,02-07-2008,Annular,0.965,antarctica,7,2,2008,2,12,132
238,08-01-2008,Total,1.039,europe,1,8,2008,2,27,147
238,08-01-2008,Total,1.039,asia,1,8,2008,2,27,147
239,01-26-2009,Annular,0.928,antarctica,26,1,2009,7,54,474
239,01-26-2009,Annular,0.928,asia,26,1,2009,7,54,474
239,01-26-2009,Annular,0.928,australia,26,1,2009,7,54,474
241,01-15-2010,Annular,0.919,africa,15,1,2010,11,8,668
241,01-15-2010,Annular,0.919,asia,15,1,2010,11,8,668
243,01-04-2011,Partial,0.858,europe,4,1,2011,4,30,270
243,01-04-2011,Partial,0.858,africa,4,1,2011,4,30,270
246,11-25-2011,Partial,0.905,antarctica,25,11,2011,4,30,270
247,05-20-2012,Annular,0.944,asia,20,5,2012,5,46,346
247,05-20-2012,Annular,0.944,north america,20,5,2012,5,46,346
248,11-13-2012,Total,1.05,australia,13,11,2012,4,2,242
249,05-10-2013,Annular,0.954,australia,10,5,2013,6,3,363
250,11-03-2013,Hybrid,1.016,africa,3,11,2013,1,40,100
251,10-23-2014,Partial,0.811,north america,23,10,2014,4,30,270
252,03-20-2015,Total,1.045,europe,20,3,2015,2,47,167
253,09-13-2015,Partial,0.788,antarctica,13,9,2015,4,30,270
254,03-09-2016,Total,1.045,australia,9,3,2016,4,9,249
255,09-01-2016,Annular,0.974,africa,1,9,2016,3,6,186
256,02-26-2017,Annular,0.992,africa,26,2,2017,4,44,284
256,02-26-2017,Annular,0.992,antarctica,26,2,2017,4,44,284
257,08-21-2017,Total,1.031,north america,21,8,2017,2,40,160
258,02-15-2018,Partial,0.599,antarctica,15,2,2018,4,30,270
260,08-11-2018,Partial,0.737,asia,11,8,2018,4,30,270
261,01-06-2019,Partial,0.715,asia,6,1,2019,4,30,270
262,07-02-2019,Total,1.046,south america,2,7,2019,4,33,273
263,12-26-2019,Annular,0.97,asia,26,12,2019,3,39,219
263,12-26-2019,Annular,0.97,australia,26,12,2019,3,39,219
264,06-21-2020,Annular,0.994,africa,21,6,2020,4,38,278
264,06-21-2020,Annular,0.994,asia,21,6,2020,4,38,278
265,12-14-2020,Total,1.025,antarctica,14,12,2020,2,10,130
266,06-10-2021,Annular,0.943,europe,10,6,2021,3,51,231
266,06-10-2021,Annular,0.943,asia,10,6,2021,3,51,231
267,12-04-2021,Total,1.037,antarctica,4,12,2021,1,54,114
269,10-25-2022,Partial,0.862,europe,25,10,2022,4,30,270
270,04-20-2023,Hybrid,1.013,asia,20,4,2023,1,16,76
270,04-20-2023,Hybrid,1.013,australia,20,4,2023,1,16,76
271,10-14-2023,Annular,0.952,north america,14,10,2023,5,17,317
271,10-14-2023,Annular,0.952,north america,14,10,2023,5,17,317
271,10-14-2023,Annular,0.952,south america,14,10,2023,5,17,317
272,04-08-2024,Total,1.057,north america,8,4,2024,4,28,268
272,04-08-2024,Total,1.057,north america,8,4,2024,4,28,268
274,03-29-2025,Partial,0.938,europe,29,3,2025,4,30,270
275,09-21-2025,Partial,0.855,antarctica,21,9,2025,4,30,270
276,02-17-2026,Annular,0.963,antarctica,17,2,2026,2,20,140
277,08-12-2026,Total,1.039,europe,12,8,2026,2,18,138
278,02-06-2027,Annular,0.928,south america,6,2,2027,7,51,471
278,02-06-2027,Annular,0.928,antarctica,6,2,2027,7,51,471
279,08-02-2027,Total,1.079,africa,2,8,2027,6,23,383
279,08-02-2027,Total,1.079,europe,2,8,2027,6,23,383
281,07-22-2028,Total,1.056,asia,22,7,2028,5,10,310
281,07-22-2028,Total,1.056,australia,22,7,2028,5,10,310
282,01-14-2029,Partial,0.871,north america,14,1,2029,4,30,270
282,01-14-2029,Partial,0.871,north america,14,1,2029,4,30,270
283,06-12-2029,Partial,0.458,north america,12,6,2029,4,30,270
285,12-05-2029,Partial,0.891,antarctica,5,12,2029,4,30,270
286,06-01-2030,Annular,0.944,europe,1,6,2030,5,21,321
286,06-01-2030,Annular,0.944,asia,1,6,2030,5,21,321
286,06-01-2030,Annular,0.944,north america,1,6,2030,5,21,321
287,11-25-2030,Total,1.047,australia,25,11,2030,3,44,224
287,11-25-2030,Total,1.047,antarctica,25,11,2030,3,44,224
288,05-21-2031,Annular,0.959,africa,21,5,2031,5,26,326
288,05-21-2031,Annular,0.959,australia,21,5,2031,5,26,326
289,11-14-2031,Hybrid,1.011,north america,14,11,2031,1,8,68
291,11-03-2032,Partial,0.855,asia,3,11,2032,4,30,270
292,03-30-2033,Total,1.046,north america,30,3,2033,2,37,157
293,09-23-2033,Partial,0.689,antarctica,23,9,2033,4,30,270
294,03-20-2034,Total,1.046,africa,20,3,2034,4,9,249
294,03-20-2034,Total,1.046,europe,20,3,2034,4,9,249
295,09-12-2034,Annular,0.974,north america,12,9,2034,2,58,178
295,09-12-2034,Annular,0.974,south america,12,9,2034,2,58,178
296,03-09-2035,Annular,0.992,australia,9,3,2035,4,48,288
296,03-09-2035,Annular,0.992,australia,9,3,2035,4,48,288
296,03-09-2035,Annular,0.992,antarctica,9,3,2035,4,48,288
298,02-27-2036,Partial,0.629,antarctica,27,2,2036,4,30,270
298,02-27-2036,Partial,0.629,australia,27,2,2036,4,30,270
300,08-21-2036,Partial,0.862,north america,21,8,2036,4,30,270
301,01-16-2037,Partial,0.705,europe,16,1,2037,4,30,270
302,07-13-2037,Total,1.041,australia,13,7,2037,3,58,238
303,01-05-2038,Annular,0.973,africa,5,1,2038,3,18,198
303,01-05-2038,Annular,0.973,europe,5,1,2038,3,18,198
304,07-02-2038,Annular,0.991,south america,2,7,2038,1,30,90
304,07-02-2038,Annular,0.991,africa,2,7,2038,1,30,90
304,07-02-2038,Annular,0.991,europe,2,7,2038,1,30,90
305,12-26-2038,Total,1.027,asia,26,12,2038,2,18,138
305,12-26-2038,Total,1.027,australia,26,12,2038,2,18,138
305,12-26-2038,Total,1.027,australia,26,12,2038,2,18,138
305,12-26-2038,Total,1.027,antarctica,26,12,2038,2,18,138
306,06-21-2039,Annular,0.945,north america,21,6,2039,4,5,245
307,12-15-2039,Total,1.036,antarctica,15,12,2039,1,51,111
308,05-11-2040,Partial,0.531,australia,11,5,2040,4,30,270
308,05-11-2040,Partial,0.531,antarctica,11,5,2040,4,30,270
310,04-30-2041,Total,1.019,africa,30,4,2041,1,51,111
312,04-20-2042,Total,1.061,asia,20,4,2042,4,51,291
312,04-20-2042,Total,1.061,australia,20,4,2042,4,51,291
313,10-14-2042,Annular,0.93,asia,14,10,2042,7,44,464
313,10-14-2042,Annular,0.93,australia,14,10,2042,7,44,464
313,10-14-2042,Annular,0.93,antarctica,14,10,2042,7,44,464
314,02-28-2044,Annular,0.96,antarctica,28,2,2044,2,27,147
314,02-28-2044,Annular,0.96,south america,28,2,2044,2,27,147
316,02-16-2045,Annular,0.928,australia,16,2,2045,7,47,467
316,02-16-2045,Annular,0.928,australia,16,2,2045,7,47,467
317,08-12-2045,Total,1.077,south america,12,8,2045,6,6,366
318,02-05-2046,Annular,0.923,australia,5,2,2046,9,42,582
319,08-02-2046,Total,1.053,africa,2,8,2046,4,51,291
320,01-26-2047,Partial,0.891,north america,26,1,2047,4,30,270
321,06-23-2047,Partial,0.313,asia,23,6,2047,4,30,270
322,07-22-2047,Partial,0.361,australia,22,7,2047,4,30,270
323,12-16-2047,Partial,0.882,antarctica,16,12,2047,4,30,270
324,06-11-2048,Annular,0.944,north america,11,6,2048,4,58,298
324,06-11-2048,Annular,0.944,europe,11,6,2048,4,58,298
326,05-31-2049,Annular,0.963,north america,31,5,2049,4,45,285
326,05-31-2049,Annular,0.963,south america,31,5,2049,4,45,285
326,05-31-2049,Annular,0.963,africa,31,5,2049,4,45,285
327,11-25-2049,Hybrid,1.006,asia,25,11,2049,4,38,278
327,11-25-2049,Hybrid,1.006,australia,25,11,2049,4,38,278
329,11-14-2050,Partial,0.887,europe,14,11,2050,4,30,270
330,04-11-2051,Partial,0.985,asia,11,4,2051,4,30,270
330,04-11-2051,Partial,0.985,north america,11,4,2051,4,30,270
331,10-04-2051,Partial,0.602,antarctica,4,10,2051,4,30,270
331,10-04-2051,Partial,0.602,australia,4,10,2051,4,30,270
331,10-04-2051,Partial,0.602,australia,4,10,2051,4,30,270
332,03-30-2052,Total,1.047,north america,30,3,2052,4,8,248
332,03-30-2052,Total,1.047,north america,30,3,2052,4,8,248
333,09-22-2052,Annular,0.973,australia,22,9,2052,2,51,171
333,09-22-2052,Annular,0.973,antarctica,22,9,2052,2,51,171
334,03-20-2053,Annular,0.992,africa,20,3,2053,4,50,290
334,03-20-2053,Annular,0.992,australia,20,3,2053,4,50,290
334,03-20-2053,Annular,0.992,antarctica,20,3,2053,4,50,290
335,09-12-2053,Total,1.033,africa,12,9,2053,3,4,184
335,09-12-2053,Total,1.033,europe,12,9,2053,3,4,184
335,09-12-2053,Total,1.033,asia,12,9,2053,3,4,184
336,03-09-2054,Partial,0.668,antarctica,9,3,2054,4,30,270
336,03-09-2054,Partial,0.668,africa,9,3,2054,4,30,270
337,08-03-2054,Partial,0.066,antarctica,3,8,2054,4,30,270
338,09-02-2054,Partial,0.979,asia,2,9,2054,4,30,270
340,07-24-2055,Total,1.036,africa,24,7,2055,3,17,197
340,07-24-2055,Total,1.036,antarctica,24,7,2055,3,17,197
342,07-12-2056,Annular,0.988,north america,12,7,2056,1,26,86
343,01-05-2057,Total,1.029,africa,5,1,2057,2,29,149
343,01-05-2057,Total,1.029,antarctica,5,1,2057,2,29,149
343,01-05-2057,Total,1.029,australia,5,1,2057,2,29,149
344,07-01-2057,Annular,0.946,asia,1,7,2057,4,22,262
344,07-01-2057,Annular,0.946,north america,1,7,2057,4,22,262
345,12-26-2057,Total,1.035,antarctica,26,12,2057,1,50,110
345,12-26-2057,Total,1.035,australia,26,12,2057,1,50,110
346,05-22-2058,Partial,0.414,africa,22,5,2058,4,30,270
349,05-11-2059,Total,1.024,north america,11,5,2059,2,23,143
349,05-11-2059,Total,1.024,north america,11,5,2059,2,23,143
349,05-11-2059,Total,1.024,south america,11,5,2059,2,23,143
350,11-05-2059,Annular,0.942,africa,5,11,2059,7,30,450
350,11-05-2059,Annular,0.942,europe,5,11,2059,7,30,450
350,11-05-2059,Annular,0.942,asia,5,11,2059,7,30,450
351,04-30-2060,Total,1.066,africa,30,4,2060,5,15,315
351,04-30-2060,Total,1.066,asia,30,4,2060,5,15,315
352,10-24-2060,Annular,0.928,africa,24,10,2060,8,6,486
352,10-24-2060,Annular,0.928,antarctica,24,10,2060,8,6,486
352,10-24-2060,Annular,0.928,south america,24,10,2060,8,6,486
353,04-20-2061,Total,1.048,north america,20,4,2061,2,37,157
354,10-13-2061,Annular,0.947,antarctica,13,10,2061,3,41,221
354,10-13-2061,Annular,0.947,south america,13,10,2061,3,41,221
355,03-11-2062,Partial,0.933,antarctica,11,3,2062,4,30,270
355,03-11-2062,Partial,0.933,australia,11,3,2062,4,30,270
355,03-11-2062,Partial,0.933,australia,11,3,2062,4,30,270
356,09-03-2062,Partial,0.975,europe,3,9,2062,4,30,270
356,09-03-2062,Partial,0.975,asia,3,9,2062,4,30,270
357,02-28-2063,Annular,0.929,africa,28,2,2063,7,41,461
357,02-28-2063,Annular,0.929,asia,28,2,2063,7,41,461
357,02-28-2063,Annular,0.929,antarctica,28,2,2063,7,41,461
357,02-28-2063,Annular,0.929,australia,28,2,2063,7,41,461
358,08-24-2063,Total,1.075,asia,24,8,2063,5,49,349
359,02-17-2064,Annular,0.926,africa,17,2,2064,8,56,536
359,02-17-2064,Annular,0.926,asia,17,2,2064,8,56,536
360,08-12-2064,Total,1.049,antarctica,12,8,2064,4,28,268
361,02-05-2065,Partial,0.912,europe,5,2,2065,4,30,270
363,08-02-2065,Partial,0.49,antarctica,2,8,2065,4,30,270
363,08-02-2065,Partial,0.49,africa,2,8,2065,4,30,270
364,12-27-2065,Partial,0.877,antarctica,27,12,2065,4,30,270
364,12-27-2065,Partial,0.877,australia,27,12,2065,4,30,270
365,06-22-2066,Annular,0.943,north america,22,6,2066,4,40,280
366,12-17-2066,Total,1.042,australia,17,12,2066,3,14,194
366,12-17-2066,Total,1.042,antarctica,17,12,2066,3,14,194
368,12-06-2067,Hybrid,1.001,africa,6,12,2067,4,8,248
369,05-31-2068,Total,1.011,australia,31,5,2068,1,6,66
369,05-31-2068,Total,1.011,antarctica,31,5,2068,1,6,66
370,11-24-2068,Partial,0.911,north america,24,11,2068,4,30,270
371,04-21-2069,Partial,0.899,europe,21,4,2069,4,30,270
371,04-21-2069,Partial,0.899,asia,21,4,2069,4,30,270
371,04-21-2069,Partial,0.899,north america,21,4,2069,4,30,270
372,05-20-2069,Partial,0.088,south america,20,5,2069,4,30,270
372,05-20-2069,Partial,0.088,antarctica,20,5,2069,4,30,270
373,10-15-2069,Partial,0.53,antarctica,15,10,2069,4,30,270
374,04-11-2070,Total,1.047,asia,11,4,2070,4,4,244
374,04-11-2070,Total,1.047,north america,11,4,2070,4,4,244
375,10-04-2070,Annular,0.973,africa,4,10,2070,2,44,164
375,10-04-2070,Annular,0.973,antarctica,4,10,2070,2,44,164
375,10-04-2070,Annular,0.973,australia,4,10,2070,2,44,164
376,03-31-2071,Annular,0.992,south america,31,3,2071,4,52,292
376,03-31-2071,Annular,0.992,africa,31,3,2071,4,52,292
376,03-31-2071,Annular,0.992,antarctica,31,3,2071,4,52,292
377,09-23-2071,Total,1.033,africa,23,9,2071,3,11,191
378,03-19-2072,Partial,0.72,antarctica,19,3,2072,4,30,270
378,03-19-2072,Partial,0.72,south america,19,3,2072,4,30,270
379,09-12-2072,Total,1.056,europe,12,9,2072,3,13,193
379,09-12-2072,Total,1.056,asia,12,9,2072,3,13,193
380,02-07-2073,Partial,0.677,asia,7,2,2073,4,30,270
380,02-07-2073,Partial,0.677,north america,7,2,2073,4,30,270
381,08-03-2073,Total,1.029,south america,3,8,2073,2,29,149
381,08-03-2073,Total,1.029,antarctica,3,8,2073,2,29,149
382,01-27-2074,Annular,0.98,africa,27,1,2074,2,21,141
382,01-27-2074,Annular,0.98,asia,27,1,2074,2,21,141
383,07-24-2074,Annular,0.984,asia,24,7,2074,1,57,117
383,07-24-2074,Annular,0.984,australia,24,7,2074,1,57,117
384,01-16-2075,Total,1.031,south america,16,1,2075,2,42,162
384,01-16-2075,Total,1.031,antarctica,16,1,2075,2,42,162
385,07-13-2075,Annular,0.947,europe,13,7,2075,4,45,285
385,07-13-2075,Annular,0.947,asia,13,7,2075,4,45,285
385,07-13-2075,Annular,0.947,africa,13,7,2075,4,45,285
386,01-06-2076,Total,1.034,antarctica,6,1,2076,1,49,109
386,01-06-2076,Total,1.034,australia,6,1,2076,1,49,109
386,01-06-2076,Total,1.034,south america,6,1,2076,1,49,109
387,06-01-2076,Partial,0.29,south america,1,6,2076,4,30,270
387,06-01-2076,Partial,0.29,antarctica,1,6,2076,4,30,270
388,07-01-2076,Partial,0.275,north america,1,7,2076,4,30,270
389,11-26-2076,Partial,0.731,africa,26,11,2076,4,30,270
389,11-26-2076,Partial,0.731,europe,26,11,2076,4,30,270
390,05-22-2077,Total,1.029,australia,22,5,2077,2,54,174
390,05-22-2077,Total,1.029,antarctica,22,5,2077,2,54,174
393,11-04-2078,Annular,0.926,antarctica,4,11,2078,8,29,509
394,05-01-2079,Total,1.051,europe,1,5,2079,2,55,175
394,05-01-2079,Total,1.051,africa,1,5,2079,2,55,175
394,05-01-2079,Total,1.051,asia,1,5,2079,2,55,175
395,10-24-2079,Annular,0.948,antarctica,24,10,2079,3,39,219
395,10-24-2079,Annular,0.948,south america,24,10,2079,3,39,219
396,03-21-2080,Partial,0.873,antarctica,21,3,2080,4,30,270
396,03-21-2080,Partial,0.873,africa,21,3,2080,4,30,270
397,09-13-2080,Partial,0.874,north america,13,9,2080,4,30,270
397,09-13-2080,Partial,0.874,europe,13,9,2080,4,30,270
397,09-13-2080,Partial,0.874,africa,13,9,2080,4,30,270
398,03-10-2081,Annular,0.93,south america,10,3,2081,7,36,456
398,03-10-2081,Annular,0.93,africa,10,3,2081,7,36,456
398,03-10-2081,Annular,0.93,antarctica,10,3,2081,7,36,456
399,09-03-2081,Total,1.072,africa,3,9,2081,5,33,333
399,09-03-2081,Total,1.072,europe,3,9,2081,5,33,333
399,09-03-2081,Total,1.072,asia,3,9,2081,5,33,333
400,02-27-2082,Annular,0.93,europe,27,2,2082,8,12,492
400,02-27-2082,Annular,0.93,africa,27,2,2082,8,12,492
401,08-24-2082,Total,1.045,australia,24,8,2082,4,1,241
401,08-24-2082,Total,1.045,antarctica,24,8,2082,4,1,241
404,08-13-2083,Partial,0.615,south america,13,8,2083,4,30,270
404,08-13-2083,Partial,0.615,antarctica,13,8,2083,4,30,270
405,01-07-2084,Partial,0.872,antarctica,7,1,2084,4,30,270
405,01-07-2084,Partial,0.872,south america,7,1,2084,4,30,270
406,07-03-2084,Annular,0.942,asia,3,7,2084,4,25,265
406,07-03-2084,Annular,0.942,north america,3,7,2084,4,25,265
407,12-27-2084,Total,1.04,africa,27,12,2084,3,4,184
407,12-27-2084,Total,1.04,antarctica,27,12,2084,3,4,184
407,12-27-2084,Total,1.04,australia,27,12,2084,3,4,184
408,06-22-2085,Annular,0.97,asia,22,6,2085,3,29,209
408,06-22-2085,Annular,0.97,australia,22,6,2085,3,29,209
409,12-16-2085,Annular,0.997,australia,16,12,2085,4,19,259
409,12-16-2085,Annular,0.997,north america,16,12,2085,4,19,259
410,06-11-2086,Total,1.017,south america,11,6,2086,1,48,108
410,06-11-2086,Total,1.017,africa,11,6,2086,1,48,108
411,12-06-2086,Partial,0.927,asia,6,12,2086,4,30,270
412,05-02-2087,Partial,0.801,north america,2,5,2087,4,30,270
413,06-01-2087,Partial,0.215,australia,1,6,2087,4,30,270
414,10-26-2087,Partial,0.47,south america,26,10,2087,4,30,270
414,10-26-2087,Partial,0.47,antarctica,26,10,2087,4,30,270
415,04-21-2088,Total,1.047,north america,21,4,2088,3,58,238
415,04-21-2088,Total,1.047,africa,21,4,2088,3,58,238
415,04-21-2088,Total,1.047,europe,21,4,2088,3,58,238
415,04-21-2088,Total,1.047,asia,21,4,2088,3,58,238
416,10-14-2088,Annular,0.973,south america,14,10,2088,2,38,158
416,10-14-2088,Annular,0.973,antarctica,14,10,2088,2,38,158
416,10-14-2088,Annular,0.973,africa,14,10,2088,2,38,158
417,04-10-2089,Annular,0.992,australia,10,4,2089,4,53,293
417,04-10-2089,Annular,0.992,antarctica,10,4,2089,4,53,293
417,04-10-2089,Annular,0.992,north america,10,4,2089,4,53,293
418,10-04-2089,Total,1.033,asia,4,10,2089,3,14,194
418,10-04-2089,Total,1.033,australia,4,10,2089,3,14,194
419,03-31-2090,Partial,0.784,antarctica,31,3,2090,4,30,270
419,03-31-2090,Partial,0.784,australia,31,3,2090,4,30,270
420,09-23-2090,Total,1.056,north america,23,9,2090,3,36,216
420,09-23-2090,Total,1.056,europe,23,9,2090,3,36,216
420,09-23-2090,Total,1.056,africa,23,9,2090,3,36,216
421,02-18-2091,Partial,0.656,europe,18,2,2091,4,30,270
421,02-18-2091,Partial,0.656,asia,18,2,2091,4,30,270
422,08-15-2091,Total,1.022,australia,15,8,2091,1,38,98
422,08-15-2091,Total,1.022,antarctica,15,8,2091,1,38,98
423,02-07-2092,Annular,0.984,europe,7,2,2092,1,48,108
423,02-07-2092,Annular,0.984,africa,7,2,2092,1,48,108
424,08-03-2092,Annular,0.979,africa,3,8,2092,2,31,151
425,01-27-2093,Total,1.034,australia,27,1,2093,2,58,178
425,01-27-2093,Total,1.034,antarctica,27,1,2093,2,58,178
426,07-23-2093,Annular,0.946,europe,23,7,2093,5,11,311
426,07-23-2093,Annular,0.946,africa,23,7,2093,5,11,311
426,07-23-2093,Annular,0.946,asia,23,7,2093,5,11,311
427,01-16-2094,Total,1.034,south america,16,1,2094,1,52,112
427,01-16-2094,Total,1.034,antarctica,16,1,2094,1,52,112
429,07-12-2094,Partial,0.422,north america,12,7,2094,4,30,270
429,07-12-2094,Partial,0.422,asia,12,7,2094,4,30,270
430,12-07-2094,Partial,0.705,north america,7,12,2094,4,30,270
431,06-02-2095,Total,1.033,africa,2,6,2095,3,18,198
432,11-27-2095,Annular,0.933,asia,27,11,2095,8,47,527
432,11-27-2095,Annular,0.933,australia,27,11,2095,8,47,527
433,05-22-2096,Total,1.074,asia,22,5,2096,6,6,366
433,05-22-2096,Total,1.074,australia,22,5,2096,6,6,366
433,05-22-2096,Total,1.074,north america,22,5,2096,6,6,366
434,11-15-2096,Annular,0.924,australia,15,11,2096,8,53,533
434,11-15-2096,Annular,0.924,antarctica,15,11,2096,8,53,533
435,05-11-2097,Total,1.054,asia,11,5,2097,3,10,190
435,05-11-2097,Total,1.054,north america,11,5,2097,3,10,190
436,11-04-2097,Annular,0.949,antarctica,4,11,2097,3,36,216
436,11-04-2097,Annular,0.949,australia,4,11,2097,3,36,216
437,04-01-2098,Partial,0.798,antarctica,1,4,2098,4,30,270
437,04-01-2098,Partial,0.798,south america,1,4,2098,4,30,270
438,09-25-2098,Partial,0.787,asia,25,9,2098,4,30,270
438,09-25-2098,Partial,0.787,north america,25,9,2098,4,30,270
440,03-21-2099,Annular,0.932,australia,21,3,2099,7,32,452
440,03-21-2099,Annular,0.932,antarctica,21,3,2099,7,32,452
440,03-21-2099,Annular,0.932,north america,21,3,2099,7,32,452
441,09-14-2099,Total,1.068,africa,14,9,2099,5,18,318
442,03-10-2100,Annular,0.934,australia,10,3,2100,7,29,449
442,03-10-2100,Annular,0.934,north america,10,3,2100,7,29,449
443,09-04-2100,Total,1.04,africa,4,9,2100,3,32,212
443,09-04-2100,Total,1.04,antarctica,4,9,2100,3,32,212
